-- MySQL dump 10.13  Distrib 5.7.17, for Linux (x86_64)
--
-- Host: localhost    Database: tweet-schema
-- ------------------------------------------------------
-- Server version	5.7.19-0ubuntu0.16.04.1

/*!40101 SET @OLD_CHARACTER_SET_CLIENT=@@CHARACTER_SET_CLIENT */;
/*!40101 SET @OLD_CHARACTER_SET_RESULTS=@@CHARACTER_SET_RESULTS */;
/*!40101 SET @OLD_COLLATION_CONNECTION=@@COLLATION_CONNECTION */;
/*!40101 SET NAMES utf8 */;
/*!40103 SET @OLD_TIME_ZONE=@@TIME_ZONE */;
/*!40103 SET TIME_ZONE='+00:00' */;
/*!40014 SET @OLD_UNIQUE_CHECKS=@@UNIQUE_CHECKS, UNIQUE_CHECKS=0 */;
/*!40014 SET @OLD_FOREIGN_KEY_CHECKS=@@FOREIGN_KEY_CHECKS, FOREIGN_KEY_CHECKS=0 */;
/*!40101 SET @OLD_SQL_MODE=@@SQL_MODE, SQL_MODE='NO_AUTO_VALUE_ON_ZERO' */;
/*!40111 SET @OLD_SQL_NOTES=@@SQL_NOTES, SQL_NOTES=0 */;

--
-- Table structure for table `ciudades`
--

DROP TABLE IF EXISTS `ciudades`;
/*!40101 SET @saved_cs_client     = @@character_set_client */;
/*!40101 SET character_set_client = utf8 */;
CREATE TABLE `ciudades` (
  `id` int(11) NOT NULL AUTO_INCREMENT,
  `nombre` varchar(50) NOT NULL,
  `pais` varchar(50) NOT NULL,
  PRIMARY KEY (`id`)
) ENGINE=InnoDB DEFAULT CHARSET=utf8;
/*!40101 SET character_set_client = @saved_cs_client */;

--
-- Dumping data for table `ciudades`
--

LOCK TABLES `ciudades` WRITE;
/*!40000 ALTER TABLE `ciudades` DISABLE KEYS */;
/*!40000 ALTER TABLE `ciudades` ENABLE KEYS */;
UNLOCK TABLES;

--
-- Table structure for table `juegos`
--

DROP TABLE IF EXISTS `juegos`;
/*!40101 SET @saved_cs_client     = @@character_set_client */;
/*!40101 SET character_set_client = utf8 */;
CREATE TABLE `juegos` (
  `id` int(11) NOT NULL AUTO_INCREMENT,
  `nombre` varchar(50) NOT NULL,
  `desarrollador` varchar(50) NOT NULL,
  `fecha_lanzamiento` datetime NOT NULL,
  `genero` varchar(50) NOT NULL,
  PRIMARY KEY (`id`)
) ENGINE=InnoDB AUTO_INCREMENT=132 DEFAULT CHARSET=utf8;
/*!40101 SET character_set_client = @saved_cs_client */;

--
-- Dumping data for table `juegos`
--

LOCK TABLES `juegos` WRITE;
/*!40000 ALTER TABLE `juegos` DISABLE KEYS */;
INSERT INTO `juegos` VALUES (124,'FIFA 18','EA Sport','2017-09-29 00:00:00','deportes'),(125,'Overwatch','Blizzard Entertainment','2016-05-24 00:00:00','shooter'),(126,'PlayerUnknown\'s Battlegrounds','BlueHole','2017-03-23 00:00:00','mmo'),(127,'Counter-Strike: Global Offensive','Valve Corporation','2012-08-21 00:00:00','shooter'),(128,'League of Legends','Riot Games','2009-10-27 00:00:00','moba'),(129,'Dota 2','Valve Corporation','2013-07-09 00:00:00','moba'),(130,'Resident Evil 7: Biohazard','CAPCOM','2017-01-24 00:00:00','survival horror'),(131,'The Legend of Zelda: Breath of the Wild','Nintendo','2017-03-03 00:00:00','adventure');
/*!40000 ALTER TABLE `juegos` ENABLE KEYS */;
UNLOCK TABLES;

--
-- Table structure for table `resume`
--

DROP TABLE IF EXISTS `resume`;
/*!40101 SET @saved_cs_client     = @@character_set_client */;
/*!40101 SET character_set_client = utf8 */;
CREATE TABLE `resume` (
  `id` int(11) NOT NULL AUTO_INCREMENT,
  `id_juego` int(11) NOT NULL,
  `id_ciudad` int(11) NOT NULL,
  `tweets_pos` int(11) NOT NULL,
  `tweets_neg` int(11) NOT NULL,
  PRIMARY KEY (`id`),
  KEY `id_juego` (`id_juego`),
  KEY `id_ciudad` (`id_ciudad`)
) ENGINE=InnoDB AUTO_INCREMENT=9 DEFAULT CHARSET=utf8;
/*!40101 SET character_set_client = @saved_cs_client */;

--
-- Dumping data for table `resume`
--

LOCK TABLES `resume` WRITE;
/*!40000 ALTER TABLE `resume` DISABLE KEYS */;
INSERT INTO `resume` VALUES (1,124,45345,22,16),(2,125,3453,10,7),(3,126,678678,0,0),(4,127,567,12,7),(5,128,456,0,0),(6,129,543,9,5),(7,130,5414,11,12),(8,131,35,6,3);
/*!40000 ALTER TABLE `resume` ENABLE KEYS */;
UNLOCK TABLES;

--
-- Table structure for table `tweet`
--

DROP TABLE IF EXISTS `tweet`;
/*!40101 SET @saved_cs_client     = @@character_set_client */;
/*!40101 SET character_set_client = utf8 */;
CREATE TABLE `tweet` (
  `idtweet` bigint(20) NOT NULL,
  `id_juego` bigint(20) NOT NULL,
  PRIMARY KEY (`idtweet`)
) ENGINE=InnoDB DEFAULT CHARSET=latin1;
/*!40101 SET character_set_client = @saved_cs_client */;

--
-- Dumping data for table `tweet`
--

LOCK TABLES `tweet` WRITE;
/*!40000 ALTER TABLE `tweet` DISABLE KEYS */;
INSERT INTO `tweet` VALUES (922168845523177473,127),(922168851953082369,125),(922168860370980865,125),(922168891702480896,124),(922168922354388993,126),(922168935855853569,124),(922168947113431040,126),(922168986275602435,126),(922169020719214594,124),(922169034417889280,126),(922169052709171204,124),(922169084225163264,127),(922169093679206407,125),(922169112763170816,126),(922169115862863873,126),(922169205474111488,126),(922169216647643137,126),(922169271509311488,126),(922169325682855937,126),(922169345136054272,124),(922169424861425665,125),(922169429949022212,126),(922169443815268353,131),(922169455479844865,124),(922169474723254278,126),(922169557489455104,126),(922169657720754176,130),(922169690608291841,126),(922169778294411269,124),(922169835294994432,127),(922169838977585154,125),(922169867003924485,127),(922169873043730433,126),(922169977637146624,124),(922170027431878656,127),(922170029864611842,124),(922170072264830978,126),(922170084814213120,124),(922170091453734912,126),(922170163000201222,130),(922170226648723456,124),(922170271519444998,124),(922170287960948736,124),(922170324065619969,124),(922170442202472451,125),(922170459419959296,126),(922170622641410048,127),(922170656090984448,127),(922170667767824384,125),(922170728971231232,126),(922170827612872704,126),(922170856326991872,126),(922170889071972354,129),(922170969455824898,126),(922171003547078656,127),(922171111256875008,126),(922171205888761857,124),(922171233629868033,126),(922171278395625472,127),(922171312893816835,124),(922171335433957377,127),(922171380958924801,127),(922171432490229760,124),(922171449036693504,124),(922171457840599040,127),(922171476513615872,126),(922171555450441730,126),(922171568452784128,125),(922171589545865217,124),(922171590648979457,126),(922171603915599872,124),(922171675684335616,127),(922171726728966144,124),(922171755682324480,126),(922171765740179456,125),(922171767015333888,126),(922171814171828224,125),(922171899995713536,127),(922171918798770176,126),(922171966756458497,126),(922171970724270081,125),(922172082292740097,126),(922172175364259841,126),(922172292981035008,127),(922172311335243776,124),(922172354431799296,125),(922172398815907840,124),(922172440796717056,127),(922172495221927936,125),(922172660662095872,127),(922172741482110977,124),(922172973322158081,125),(922173067039821825,127),(922173208656261121,126),(922173253631856640,127),(922173529520590848,124),(922173549720334338,125),(922173628908744704,124),(922173653298671616,125),(922173672722444289,124),(922173752602963968,124),(922173791219875841,125),(922173807711879169,125),(922173820659748864,125),(922173867745071104,125),(922173893774839808,126),(922173934237372416,127),(922174037203279872,126),(922174043398303744,125),(922174120938393600,125),(922174150722162688,127),(922174164370411520,124),(922174194363887617,127),(922174333962866688,127),(922174362417025027,126),(922174367873880068,127),(922174378598596608,127),(922174394209918978,124),(922174453370572801,127),(922174478808993797,127),(922174556734935041,125),(922174560333651975,127),(922174578172071940,126),(922174595234484226,127),(922174616814178305,125),(922174673286287360,130),(922174687681138690,130),(922174715283890177,125),(922174792438034432,126),(922174862382239744,131),(922174946566180864,126),(922175095749206016,130),(922175232684822530,124),(922175273251909632,125),(922175315472011266,126),(922175411060174848,129),(922175501703221250,125),(922175584834334722,126),(922175602505011200,124),(922175704103636992,125),(922175732578770946,125),(922175740489228294,130),(922176329096757249,129),(922176365293658112,125),(922176386235760640,129),(922176715304169473,129),(922177393808297990,131),(922179474636058626,129),(922179659890135040,129),(922180887713927168,129),(922184126844887041,130),(922184311822082048,124),(922185000954597377,130),(922185155711782913,126),(922189645672255488,129),(922189737036742656,124),(922190408297340929,124),(922191823816314880,130),(922194730636759041,124),(922197859587514370,124),(922198406294056962,129),(922199545131491329,129),(922200114755788800,129),(922200638272036864,124),(922201318994964482,124),(922201664332824576,130),(922202966802739205,124),(922203178459734017,129),(922205171744206850,130),(922205182313709568,130),(922206713108992002,130),(922206873155244033,130),(922208021090009088,129),(922208188715413504,129),(922209446981402624,130),(922209599012433925,129),(922209910615572480,130),(922209953456250886,124),(922209997139746816,130),(922213250829348864,129),(922213915685277696,129),(922214595636416513,129),(922215526050553856,129),(922216889308377089,129),(922217707877142528,131),(922217905315569665,129),(922217928975667201,129),(922219167167729665,129),(922223495324545024,130),(922226569086754817,130),(922227163134353408,131),(922229246826819584,130),(922230103165341696,131),(922232300863217664,130),(922233658680934400,130),(922233892429471746,124),(922239938673958919,130),(922246748466278400,130),(922250852273967105,124),(922250870250668032,130),(922254610332553221,129),(922255958117683201,124),(922256630200262656,130),(922258305560563713,131),(922258590949310465,131),(922258727566299136,124),(922260163461083137,124),(922261365758283776,124),(922261734521491457,124),(922265040786509824,130),(922267070406053888,130),(922267728601284613,124),(922268982035480576,124),(922269571792416769,130),(922270934068813825,130),(922271582596321280,124),(922271859592351749,130),(922271928232095747,124),(922272787196194817,130),(922274236219015169,131),(922274298550673408,131),(922275282668654594,124),(922277741969281025,124),(922280039659593729,129),(922281143994540032,124),(922282004355350530,129),(922285007938371584,131),(922286375029927937,126),(922286451768872960,126),(922288451487174656,124),(922288777065848833,129),(922291689653440512,124),(922293730354302976,124),(922294146085408768,124),(922296763695947777,131),(922300272361209858,130),(922303739804844035,131),(922313887512481792,129),(922320902515232768,130),(922322619550093312,129),(922345472689430528,131),(922348707680538624,124),(922352519468273664,131);
/*!40000 ALTER TABLE `tweet` ENABLE KEYS */;
UNLOCK TABLES;
/*!40103 SET TIME_ZONE=@OLD_TIME_ZONE */;

/*!40101 SET SQL_MODE=@OLD_SQL_MODE */;
/*!40014 SET FOREIGN_KEY_CHECKS=@OLD_FOREIGN_KEY_CHECKS */;
/*!40014 SET UNIQUE_CHECKS=@OLD_UNIQUE_CHECKS */;
/*!40101 SET CHARACTER_SET_CLIENT=@OLD_CHARACTER_SET_CLIENT */;
/*!40101 SET CHARACTER_SET_RESULTS=@OLD_CHARACTER_SET_RESULTS */;
/*!40101 SET COLLATION_CONNECTION=@OLD_COLLATION_CONNECTION */;
/*!40111 SET SQL_NOTES=@OLD_SQL_NOTES */;

-- Dump completed on 2017-10-23 17:04:28
